USE mikubackup;

INSERT INTO payroll (payroll_id, biweekly_pay, salary)
VALUES 
    (1, 1538.46, 40000.00),  -- Chef #1
    (2, 1730.77, 45000.00),  -- Chef #2
    (3, 2115.38, 55000.00),  -- Chef #3
    (4, 1846.15, 48000.00),  -- Chef #4
    (5, 2000.00, 52000.00),  -- Chef #5
    (6, 1923.08, 50000.00),  -- Chef #6
    (7, 2307.69, 60000.00),  -- Chef #7
    (8, 2192.31, 57000.00),  -- Chef #8
    (9, 2115.38, 55000.00),  -- Chef #9
    (10, 2384.62, 62000.00), -- Chef #10
    (11, 2115.38, 55000.00), -- Chef #11
    (12, 2307.69, 60000.00), -- Chef #12
    (13, 1923.08, 50000.00), -- Chef #13
    (14, 2115.38, 55000.00), -- Chef #14
    (15, 2307.69, 60000.00), -- Chef #15
	(16, 769.23, 20000.00),
  (17, 846.15, 22000.00),
  (18, 961.54, 24000.00),
  (19, 1076.92, 26000.00),
  (20, 1192.31, 28000.00),
  (21, 1307.69, 30000.00),
  (22, 1423.08, 32000.00),
  (23, 1538.46, 34000.00),
  (24, 1653.85, 36000.00),
  (25, 1769.23, 38000.00),
  (26, 1884.62, 40000.00),
  (27, 1730.77, 37000.00),
  (28, 1846.15, 38000.00),
  (29, 1961.54, 39000.00),
  (30, 2076.92, 40000.00),
  (31, 1984.62, 39000.00),
  (32, 1892.31, 38000.00),
  (33, 1800.00, 37000.00),
  (34, 1707.69, 36000.00),
  (35, 1615.38, 35000.00),
  (36, 1523.08, 34000.00),
  (37, 1430.77, 33000.00),
  (38, 1338.46, 32000.00),
  (39, 1246.15, 31000.00),
  (40, 1153.85, 30000.00),
  (41, 3461.54, 90000.00),
  (42, 3846.15, 100000.00),
  (43, 4230.77, 110000.00),
  (44, 4615.38, 120000.00),
  (45, 5384.62, 140000.00);

INSERT INTO employee (employee_id, first_name, last_name, email, phone_number, payroll_id)
VALUES 
    (1, 'John', 'Doe', 'johndoe@example.com', '555-555-1111',1),
    (2, 'Jane', 'Doe', 'janedoe@example.com', '555-555-2222',2),
    (3, 'Bob', 'Smith', 'bobsmith@example.com', '555-555-3333',3),
    (4, 'Sara', 'Lee', 'saralee@example.com', '555-555-4444',4),
    (5, 'David', 'Nguyen', 'davidnguyen@example.com', '555-555-5555',5),
    (6, 'Michael', 'Jordan', 'michaeljordan@example.com', '555-555-6666',6),
    (7, 'LeBron', 'James', 'lebronjames@example.com', '555-555-7777',7),
    (8, 'Kobe', 'Bryant', 'kobebryant@example.com', '555-555-8888',8),
    (9, 'Stephen', 'Curry', 'stephcurry@example.com', '555-555-9999',9),
    (10, 'Kevin', 'Durant', 'kevindurant@example.com', '555-555-0000',10),
    (11, 'Sam', 'Lee', 'samlee@example.com', '555-555-1111',11),
    (12, 'Lily', 'Chen', 'lilychen@example.com', '555-555-2222',12),
    (13, 'Daniel', 'Kim', 'danielkim@example.com', '555-555-3333',13),
    (14, 'Karen', 'Nguyen', 'karennguyen@example.com', '555-555-4444',14),
    (15, 'Tina', 'Wang', 'tinawang@example.com', '555-555-5555',15),
    (16, 'Chris', 'Tran', 'christran@example.com', '555-555-6666',16),
    (17, 'Jenny', 'Nguyen', 'jennynguyen@example.com', '555-555-7777',17),
    (18, 'Peter', 'Liu', 'peterliu@example.com', '555-555-8888',18),
    (19, 'Jennifer', 'Kwon', 'jenniferkwon@example.com', '555-555-9999',19),
    (20, 'Justin', 'Park', 'justinpark@example.com', '555-555-0000',20),
    (21, 'Tim', 'Choi', 'timchoi@example.com', '555-555-1111',21),
	(22, 'Christina', 'Wong', 'christinawong@example.com', '555-555-2222',22),
    (23, 'Ryan', 'Kim', 'ryankim@example.com', '555-555-3333',23),
    (24, 'Grace', 'Lee', 'gracelee@example.com', '555-555-4444',24),
    (25, 'Steven', 'Nguyen', 'stevennguyen@example.com', '555-555-5555',25),
    (26, 'Sophia', 'Tran', 'sophiatran@example.com', '555-555-6666',26),
    (27, 'Mia', 'Nguyen', 'mianguyen@example.com', '555-555-7777',27),
    (28, 'Lucas', 'Kim', 'lucaskim@example.com', '555-555-8888',28),
    (29, 'Natalie', 'Lee', 'natalielee@example.com', '555-555-9999',29),
    (30, 'Ethan', 'Park', 'ethanpark@example.com', '555-555-0000',30),
    (31, 'Isabella', 'Wong', 'isabellawong@example.com', '555-555-1111',31),
    (32, 'Alexander', 'Tran', 'alexandertran@example.com', '555-555-2222',32),
    (33, 'Nicole', 'Kim', 'nicolekim@example.com', '555-555-3333',33),
    (34, 'Matthew', 'Nguyen', 'matthewnguyen@example.com', '555-555-4444',34),
    (35, 'Olivia', 'Lee', 'oliviale@example.com', '555-555-5555',35),
    (36, 'Daniel', 'Chen', 'danielchen@example.com', '555-555-6666',36),
    (37, 'Chloe', 'Wang', 'chloewang@example.com', '555-555-7777',37),
    (38, 'William', 'Tran', 'williamtran@example.com', '555-555-8888',38),
    (39, 'Emily', 'Nguyen', 'emilynguyen@example.com', '555-555-9999',39),
    (40, 'James', 'Kim', 'jameskim@example.com', '555-555-0000',40),
    (41, 'Linda', 'Choi', 'lindachoi@example.com', '555-555-1111',41),
    (42, 'Daniel', 'Lee', 'daniellee@example.com', '555-555-2222',42),
    (43, 'Andrew', 'Tran', 'andrewtran@example.com', '555-555-3333',43),
    (44, 'Grace', 'Lee', 'gracelee@example.com', '555-555-4444',44),
	(45, 'Steven', 'Nguyen', 'stevennguyen@example.com', '555-555-5555',45);

INSERT INTO chef (chef_id, job_title, employee_id)
VALUES (1, 'Sushi Chef', 1),
       (2, 'Sushi Chef', 2),
       (3, 'Executive Chef', 3),
       (4, 'Sushi Chef', 4),
       (5, 'Sous Chef', 5),
       (6, 'Sous Chef', 6),
       (7, 'Pastry Chef', 7),
       (8, 'Line Cook', 8),
       (9, 'Line Cook', 9),
       (10, 'Grill Cook', 10),
       (11, 'Grill Cook', 11),
       (12, 'Prep Cook', 12),
       (13, 'Prep Cook', 13),
       (14, 'Dishwasher', 14),
       (15, 'Dishwasher', 15);

INSERT INTO menu_item (menu_item_id, item_name, description, item_price, category, is_available, vegetarian, gluten_free, fk_chef_id)
VALUES 
  (1, 'Lobster Ceviche', 'yuzu dashi, salsa verde, kaiso caviar, dashi crisp', 28.00, 'Appetizer', 'Yes', 'Yes', 'No', 5),
  (2, 'Soft-Shell Crab', 'yuzu mayo, nori salt, Asian slaw', 21.00, 'Appetizer', 'Yes', 'No', 'No', 5),
  (3, 'Ebi Fritters', 'white tiger prawns in herb-beer batter, sweet chili aioli, chili powder, balsamic reduction', 20.00, 'Appetizer', 'Yes', 'No', 'No', 6),
  (4, 'Chicken Nanban', 'lightly fried and marinated in sweet and sour soy, Asian slaw, house-made tartar sauce', 19.00, 'Appetizer', 'Yes', 'No', 'No', 6),
  (5, 'Kaiso Tofu Salad', 'organic baby greens, crumbled miso tofu, agedashi braised vegetables, umami soy vinaigrette', 21.00, 'Appetizer', 'Yes', 'Yes', 'No', 6),
  (6, 'Brussels Sprout Chips', 'togarashi-lemon pepper salt', 10.00, 'Appetizer', 'Yes', 'Yes', 'No', 8),
  (7, 'Seasonal Goma-ae', 'sweet sesame soy', 10.00, 'Appetizer', 'Yes', 'Yes', 'Yes', 9),
  (8, 'Steamed Edamame', 'sea salt', 7.00, 'Appetizer', 'Yes', 'Yes', 'Yes', 8),
  (9, 'Miso Soup', 'green onion, enoki mushroom, wakame', 5.00, 'Appetizer', 'Yes', 'No', 'Yes', 12),
  (10, 'Oysters on the Half Shell', 'assorted selection of half dozen fresh oysters', 60, 'Kaisen', 'Yes', 'No', 'Yes', 5),
  (11, 'Waterfront Platter', 'oysters, seafood selection, chef’s daily sashimi feature', 75.00, 'Kaisen', 'Yes', 'No', 'Yes', 6),
  (12, 'Spicy Kaisen Soba Peperoncino', 'prawns, steamed clams, squid, shiitake mushroom, sweet pepper, heirloom tomato, chili garlic soy, wild arugula', 32.00, 'Kaisen', 'Yes', 'No', 'No', 6),
  (13, 'Feature Donburi', 'please ask your server for more details', 45.00, 'Sushi Lunch', 'Yes', 'No', 'No', 5),
  (14, 'Traditional', '13 pieces - bincho nigiri, salmon nigiri, hamachi nigiri, maguro nigiri, saba nigiri, ebi nigiri, hotate nigiri, tekka maki (6pc)', 30.00, 'Sushi Lunch', 'Yes', 'No', 'No', 1),
  (15, 'Premium', '12 pieces - Miku Roll, Garden Roll, Red Wave Roll, Aburi Salmon Oshi, Aburi Ebi Oshi, Spicy Tuna Oshi, Aburi Bincho Nigiri, Aburi Hamachi Nigiri, ebi nigiri, chutoro spoon', 36.00, 'Sushi Lunch', 'Yes', 'No', 'No', 1),
  (16, 'Sashimi Lunch', '9 pieces - maguro (2pc), salmon (2pc), bincho (2pc), hamachi (2pc), scallop (1pc), spicy poke', 33.00, 'Sushi Lunch', 'Yes', 'No', 'Yes', 2),
  (17, 'Garden Select', 'Garden Roll, seasonal vegetable nigiri and sushi, seasonal goma-ae, tofu salad', 23.00, 'Sushi Lunch', 'Yes', 'Yes', 'Yes', 3),
  (18, 'Aburi Chirashi Tart', 'layers of sushi rice, spicy tuna, avocado, sockeye salmon, Miku sauce, flame seared and topped with prawn, scallop, maguro, tobiko and ikura', 29.00, 'Sushi Lunch', 'Yes', 'No', 'No', 4),
  (19, 'Lunch Shokai', 'featuring traditional and Aburi Oshi, rolls, and nigiri, 10 pieces served with two chef-selected appetizers', 45.00, 'Sushi Lunch', 'Yes', 'No', 'No', 2),
  (20, 'Kyoto Saikyo Miso Sablefish', 'soy edamame barley, kabocha miso purée, agedashi braised vegetables', 40.00, 'Entrees', 'Yes', 'No', 'No', 10),
(21, 'Chicken Katsu', 'ginger-soy marinated chicken breast, Saikyo miso potato purée, moromi-miso mayo', 27.00, 'Entrees', 'Yes', 'No', 'No', 11),
(22, 'Sous-Vide Pork Tenderloin', 'shio koji marinated tenderloin, sautéed wild rice, grilled seasonal vegetables, sansho pepper jus', 33.00, 'Entrees', 'Yes', 'No', 'No', 11),
(23, 'Aburi Wagyu Steak 5oz', 'A5 Japanese Wagyu steak', 160.00, 'Entrees', 'Yes', 'No', 'No', 10),
(24, 'Aburi Wagyu Steak 10oz', 'A5 Japanese Wagyu steak', 320.00, 'Entrees', 'Yes', 'No', 'No', 10),
(25, 'Salmon Oshi Sushi', 'pressed BC wild sockeye salmon, jalapeño, Miku sauce', 18.00, 'ABURI OSHI SUSHI', 'YES', 'NO', 'YES', 1),
(26, 'Ebi Oshi Sushi', 'pressed prawn, lime zest, ume sauce', 18.00, 'ABURI OSHI SUSHI', 'YES', 'NO', 'NO', 4),
(27, 'Saba Oshi Sushi', 'pressed house-cured mackerel, miso sauce', 18.00, 'ABURI OSHI SUSHI', 'YES', 'NO', 'YES', 4),
(28, 'Oshi Sampler', 'two pieces each of salmon, ebi, and saba oshi', 18.00, 'ABURI OSHI SUSHI', 'YES', 'NO', 'NO', 2),
(29, 'Miku Roll', 'salmon, crab, cucumber, rolled in tobiko, Miku sauce', 21.00, 'SPECIALTY SUSHI', 'YES', 'NO', 'YES', 1),
(30, 'Red Wave Roll', 'prawn, avocado, wrapped in red tuna, masatake sauce', 18.00, 'SPECIALTY SUSHI', 'YES', 'YES', 'YES', 2),
(31, 'Garden Roll', 'avocado, red bell pepper, cucumber, shiso, wrapped with pickled zucchini, moromi miso yellow pepper cucumber salsa', 14.00, 'SPECIALTY SUSHI', 'YES', 'YES', 'YES', 1),
(32, 'Bincho', 'Nigiri - 1 pc', 5.5, 'Nigiri', 'Yes', 'No', 'No', 1),
(33, 'Sake', 'Nigiri - 1 pc', 5.5, 'Nigiri', 'Yes', 'No', 'No', 1),
(34, 'Maguro', 'Nigiri - 1 pc', 8, 'Nigiri', 'Yes', 'No', 'No', 1),
(35, 'Hamachi', 'Nigiri - 1 pc', 6, 'Nigiri', 'Yes', 'No', 'No', 1),
(36, 'Saba', 'Nigiri - 1 pc', 4, 'Nigiri', 'Yes', 'No', 'No', 1),
(37, 'Hotate', 'Nigiri - 1 pc', 6.5, 'Nigiri', 'Yes', 'No', 'No', 1),
(38, 'King Salmon', 'Nigiri - 1 pc', 6.5, 'Nigiri', 'Yes', 'No', 'No', 1),
(39, 'Botan Ebi', 'Nigiri - 1 pc', 9, 'Nigiri', 'Yes', 'No', 'No', 2),
(40, 'Chutoro', 'Nigiri - 1 pc', 10, 'Nigiri', 'Yes', 'No', 'No', 2),
(41, 'Otoro', 'Nigiri - 1 pc', 12, 'Nigiri', 'Yes', 'No', 'No', 2),
(42, 'Ikura', 'Nigiri - 1 pc', 6, 'Nigiri', 'Yes', 'No', 'No', 2),
(43, 'Ebi', 'Nigiri - 1 pc', 5, 'Nigiri', 'Yes', 'No', 'No', 2),
(44, 'Unagi', 'Nigiri - 1 pc', 6.5, 'Nigiri', 'Yes', 'No', 'No', 2),
(45, 'Wagyu', 'Nigiri - 1 pc', 12, 'Nigiri', 'Yes', 'No', 'No', 2),
(46, 'Uni Spoon', 'Nigiri - 1 pc', 15, 'Nigiri', 'Yes', 'No', 'No', 2),
(47, 'Avocado', 'Nigiri - 1 pc', 3.5, 'Nigiri', 'Yes', 'Yes', 'Yes', 2),
(48, 'Eggplant', 'Nigiri - 1 pc', 3.5, 'Nigiri', 'Yes', 'Yes', 'Yes', 2),
(49, 'Shiitake Mushroom', 'Nigiri - 1 pc', 3.5, 'Nigiri', 'Yes', 'Yes', 'Yes', 2),
(50, 'Sweet Red Pepper', 'Nigiri - 1 pc', 3.5, 'Nigiri', 'Yes', 'Yes', 'Yes', 2),
(51, 'Inari', 'Nigiri -1pc', 3.5, 'Nigiri', 'Yes', 'Yes', 'No', 4),
(52, 'Bincho', 'Sashimi - 6 pc', 24, 'Sashimi', 'Yes', 'No', 'Yes', 4),
(53, 'Sake', 'Sashimi - 6 pc', 24, 'Sashimi', 'Yes', 'No', 'Yes', 4),
(54, 'Maguro', 'Sashimi - 6 pc', 35, 'Sashimi', 'Yes', 'No', 'Yes', 4),
(55, 'Hamachi', 'Sashimi - 6 pc', 26, 'Sashimi', 'Yes', 'No', 'Yes', 4),
(56, 'Saba', 'Sashimi - 6 pc', 20.5, 'Sashimi', 'Yes', 'No', 'Yes', 4),
(57, 'Hotate', 'Sashimi - 6 pc', 28.5, 'Sashimi', 'Yes', 'No', 'Yes', 4),
(58, 'King Salmon', 'Sashimi - 6 pc', 28.5, 'Sashimi', 'Yes', 'No', 'Yes', 4),
(59, 'Botan Ebi', 'Sashimi - 6 pc', 42, 'Sashimi', 'Yes', 'No', 'Yes', 4),
(60, 'Chutoro', 'Sashimi - 6 pc', 45, 'Sashimi', 'Yes', 'No', 'Yes', 4),
(61, 'Otoro', 'Sashimi - 6 pc', 52, 'Sashimi', 'Yes', 'No', 'Yes', 4),
(62, 'Green Tea Opera', 'green tea génoise, matcha buttercream, dark chocolate ganache, azuki bean cream, hazelnut wafer, matcha ice cream', 16, 'Dessert', 'Yes', 'Yes', 'No', 12),
(63, 'Strawberry Mousse', 'cocoa crumble, balsamic and strawberry marmalade, strawberry basil sorbet', 14, 'Dessert', 'Yes', 'Yes', 'No', 12),
(64, 'Apple Custard Tuile', 'apple compote, tuile, custard creme, cinnamon caramel sauce, pineapple-mango sorbet', 14, 'Dessert', 'Yes', 'Yes', 'No', 13),
(65, 'White Chocolate Cheesecake', 'raspberry coulis, meringue crumble, vanilla cookie, yuzu jelly', 14, 'Dessert', 'Yes', 'No', 'No', 13),
(66, 'Matcha Ice Cream', 'Matcha', 4.5, 'Dessert', 'Yes', 'Yes', 'Yes', 12),
(67, 'Coffee Ice Cream', 'Coffee', 4.5, 'Dessert', 'Yes', 'Yes', 'Yes', 12),
(68, 'Milk Ice Cream', 'Milk Ice', 4.5, 'Dessert', 'Yes', 'Yes', 'Yes', 12),
(69, 'Black Sesame Miso Ice Cream', 'Black Sesame Miso', 4.5, 'Dessert', 'Yes', 'Yes', 'Yes', 12),
(70, 'Strawberry Basil Sorbet', 'Strawberry Basil', 4.5, 'Dessert', 'Yes', 'Yes', 'Yes', 12),
(71, 'Pineapple-Mango Sorbet', 'Pineapple-Mange', 4.5, 'Dessert', 'Yes', 'Yes', 'Yes', 13),
(72, 'Hokkaido Pan-Seared Scallops', 'leche de tigre, kabosu-cucumber jelly, black garlic sauce, shiitake duxelle', 27, 'APPETIZER', 'yes', 'no', 'yes', 10),
(73, 'Calamari', 'squid in tempura batter, tsukemono, tosazu', 22, 'APPETIZER', 'yes', 'no', 'no', 11),
(74, 'Wagyu Carpaccio', 'A5 Japanese Wagyu, egg yolk vinaigrette, black garlic warishita, charred shishito snow, organic baby greens', 32, 'APPETIZER', 'yes', 'no', 'no', 10),
(75, 'Aka Miso Lamb Chops', 'salsa verde, yuzu-kosho karashi', 25, 'APPETIZER', 'yes', 'no', 'no', 10),
(76, 'Sashimi Platters', 'please ask your server for more details', 35, 'SUSHI PLATES', 'yes', 'no', 'yes', 1),
(77, 'Miku Signature Selection', 'chef’s selection of traditional and Aburi Oshi, specialty rolls, and nigiri, 10 pieces', 43, 'SUSHI PLATES', 'yes', 'no', 'no', 1),
(78, 'Seasonal Goma-ae', 'sweet sesame soy', 10, 'SMALL PLATES', 'yes', 'yes', 'yes', 9),
(79, 'Steamed Edamame', 'sea salt', 7, 'SMALL PLATES', 'yes', 'yes', 'yes', 9),
(80,'Miku seven courses', 'Traditional Kaiseki embodies the region’s food culture reflecting the current season’s offerings. Inspired by this tradition, our chefs have created a multi-course menu featuring our signature Aburi-style cuisine, using Japanese and local ingredients.', 180, 'KAISEKI | INNOVATIVE ABURI', 'yes', 'no', 'no', 3),
(81,'Miku six courses', 'Traditional Kaiseki embodies the region’s food culture reflecting the current season’s offerings. Inspired by this tradition, our chefs have created a multi-course menu featuring our signature Aburi-style cuisine, using Japanese and local ingredients.', 135, 'KAISEKI | INNOVATIVE ABURI', 'yes', 'no', 'no', 3),
(82, 'Lobster Risotto', 'squid ink lobster tempura, steamed clams, lobster infused oil, wild mushrooms', 36, 'KAISEN', 'yes', 'no', 'no', 6),
(83, 'Aka Miso Duck Breast', 'potato parsnip purée, honey-soy glazed vegetables, shio koji duck jus', 44, 'ENTRÉE', 'yes', 'no', 'no', 11),
(84, 'AAA Sterling Silver Grilled Ribeye Steak', '10oz, iwanori butter potato purée, market vegetables, wasabi pickles, Saikyo miso pickled shallots', 58, 'ENTRÉE', 'yes', 'no', 'no', 10),
(85, 'Surf & Turf Roll', 'sous-vide lobster, AAA sterling silver chuck flat, soy-balsamic marinated poke, truffled Miku sauce', 24, 'SPECIALTY SUSHI', 'yes', 'no', 'no', 3),
(86, 'Kirin', 'Bottled Japanese beer', 10, 'Beer', 'Yes', NULL, NULL, NULL),
(87, '33 Acres of Sunshine', 'Bottled Canadian beer', 9.5, 'Beer', 'Yes', NULL, NULL, NULL),
(88, 'Tsingtao', 'Bottled Chinese beer', 9, 'Beer', 'Yes', NULL, NULL, NULL),
(89, 'Asahi', 'Japanese beer on tap', 9, 'Beer', 'Yes', NULL, NULL, NULL),
(90, 'Sapporo', 'Japanese beer on tap', 8.5, 'Beer', 'Yes', NULL, NULL, NULL),
(91, 'Guinness', 'Irish beer on tap', 9, 'Beer', 'Yes', NULL, NULL, NULL),
(92, 'Twin Sails Dat Juice', 'Hazy Pale Ale from Canada on tap', 9, 'Beer', 'Yes', NULL, NULL, NULL),
(93, 'Twin Sails Would Crush', 'Raspberry Wheat from Canada on tap', 9, 'Beer', 'Yes', NULL, NULL, NULL),
(94, 'Strange Fellows Talisman', 'Pale Ale from Canada on tap', 9, 'Beer', 'Yes', NULL, NULL, NULL),
(95, 'Superflux Colour & Shape IPA', 'IPA from Canada on tap', 9, 'Beer', 'Yes', NULL, NULL, NULL),
(96, 'Fuggles & Warlock Kiwami Plum Sour', 'Sour beer from Canada on tap', 9, 'Beer', 'Yes', NULL, NULL, NULL),
(97, 'Bergamot Sour', 'Cocktail with earl grey amaretto, yuzu, lemon, egg white, togarashi', 16, 'Cocktails', 'Yes', NULL, NULL, NULL),
(98, 'Sake-Ti-Ni', 'Cocktail with aburi ginjo sake, absolut vodka, rose umeshu, soho lychee liqueur, apple juice', 17, 'Cocktails', 'Yes', NULL, NULL, NULL),
(99, 'Shiso Mojito', 'Cocktail with tantakatan japanese shochu, shiso, lime, sparkling water', 16, 'Cocktails', 'Yes', NULL, NULL, NULL),
(100, 'Miyazaki Storm', 'Cocktail with havana club 7, giffard ginger liqueur, mango, lime, egg white', 17, 'Cocktails', 'Yes', NULL, NULL, NULL),
(101, 'Niwatoko Spritz', 'Cocktail with żubrówka bison vodka, bénédictine, elderflower, lemon, sparkling rosé', 18, 'Cocktails', 'Yes', NULL, NULL, NULL),
(102, 'Seaspan Margarita', 'Cocktail with don julio reposado, cointreau, agave, lime, bird’s eye chili', 24, 'Cocktails', 'Yes', NULL, NULL, NULL);

INSERT INTO server (server_id, job_title, employee_id) VALUES
  (1, 'Waiter', 16),
  (2,'Waitress', 17),
  (3, 'Server', 18),
  (4, 'Server', 19),
  (5, 'Server', 20),
  (6, 'Waiter', 21),
  (7,  'Waitress', 22),
  (8,  'Server', 23),
  (9,  'Server', 24),
  (10, 'Server', 25),
  (11, 'Waiter', 26),
  (12, 'Waitress', 27),
  (13, 'Server', 28),
  (14, 'Server', 29),
  (15,  'Server', 30),
  (16,  'Waiter', 31),
  (17,  'Waitress', 32),
  (18,  'Server', 33),
  (19, 'Server', 34),
  (20,  'Server', 35),
  (21,  'Waiter', 36),
  (22, 'Waitress', 37),
  (23, 'Server', 38),
  (24, 'Server', 39),
  (25,  'Server', 40);

INSERT INTO manager (manager_id, department, employee_id)
VALUES
(1, 'Sushi Bar Manager', 41),
(2, 'Kitchen Manager', 42),
(3, 'Service Manager', 43),
(4, 'Beverage Manager', 44),
(5, 'General Manager', 45);

INSERT INTO customer (customer_id, first_name, last_name, email, phone, party_size, special_note)
VALUES 
  (1, 'Luke', 'Skywalker', 'luke@rebellion.com', '555-1234', 4, NULL),
  (2, 'Leia', 'Organa', 'leia@rebellion.com', '555-2345', 2, NULL),
  (3, 'Han', 'Solo', 'han@millenniumfalcon.com', '555-3456', 2, NULL),
  (4, 'Lando', 'Calrissian', 'lando@cloudcity.com', '555-4567', 4, NULL),
  (5, 'Anakin', 'Skywalker', 'anakin@sith.com', '555-5678', 2, NULL),
  (6, 'Obi-Wan', 'Kenobi', 'obiwan@jediorder.com', '555-6789', 1, NULL),
  (7, 'Padmé', 'Amidala', 'padme@naboo.com', '555-7890', 3, NULL),
  (8, 'Mace', 'Windu', 'mace@jediorder.com', '555-8901', 1, NULL),
  (9, 'Darth', 'Vader', 'vader@sith.com', '555-9012', 1, NULL),
  (10, 'Boba', 'Fett', 'boba@mandalorian.com', '555-0123', 1, NULL),
  (11, 'Jango', 'Fett', 'jango@mandalorian.com', '555-1234', 2, NULL),
  (12, 'Galen', 'Erso', 'galen@empire.com', '555-2345', 4, NULL),
  (13, 'Orson', 'Krennic', 'krennic@empire.com', '555-3456', 2, NULL),
  (14, 'Jyn', 'Erso', 'jyn@rebellion.com', '555-4567', 1, NULL);

INSERT INTO orders (order_id, order_date, order_time, fk_customer_id, fk_server_id)
VALUES
(1, '2023-03-27', '10:00:00', 1, 1),
(2, '2023-03-27', '11:00:00', 2, 4),
(3, '2023-03-27', '12:00:00', 3, 4),
(4, '2023-03-27', '12:00:00', 3, 7),
(5, '2023-03-27', '13:00:00', 4, 10),
(6, '2023-03-27', '14:00:00', 5, 12),
(7, '2023-03-27', '16:00:00', 7, 4),
(8, '2023-03-27', '17:00:00', 8, 7),
(9, '2023-03-27', '18:00:00', 9, 1),
(10, '2023-03-27', '19:00:00', 10, 10),
(11, '2023-03-27', '20:00:00', 11, 4),
(12, '2023-03-27', '21:00:00', 12, 5),
(13, '2023-03-27', '22:00:00', 13, 6),
(14, '2023-03-27', '23:00:00', 14, 11);

INSERT INTO banned (banned_id, customer_id, reason, banned_date, manager_id)
VALUES (1, 14, 'Commotion caused/Not wanting to pay', '2023-03-27', 3);

INSERT INTO refund (refund_id, order_id, menu_item_id, refund_reason) 
VALUES (1, 4,7, 'Item was undercooked'),
(2, 10,82, 'Not what they expected');
  
INSERT INTO menu_order (fk_order_id, fk_menu_item_id, mo_quantity)
VALUES 
(1, 11, 3),
(1, 23, 2),
(1, 39, 1),
(2, 7, 2),
(2, 91, 1),
(3, 17, 3),
(3, 72, 2),
(3, 46, 3),
(4, 82, 1),
(4, 55, 2),
(4, 21, 3),
(5, 67, 1),
(6, 48, 2),
(6, 96, 1),
(7, 5, 3),
(7, 30, 2),
(8, 78, 1),
(9, 95, 2),
(9, 68, 1),
(10, 19, 3),
(10, 12, 2),
(10, 61, 3),
(11, 102, 1),
(11, 28, 2),
(11, 60, 3),
(12, 76, 1),
(12, 40, 2),
(13, 99, 1),
(13, 15, 3),
(14, 70, 2);

INSERT INTO order_payment (order_payment_id, payment_date, payment_time, amount, payment_method, payment_status, fk_order_id, fk_customer_id)
VALUES
(1, '2023-03-27', '10:00:00', 554, 'Credit Card', 'Pending', 1, 1),
(2, '2023-03-27', '11:00:00', 0, NULL, 'Refund', 2, 2),
(3, '2023-03-27', '12:00:00', 168, 'Credit Card', 'Pending', 3, 3),
(4, '2023-03-27', '13:00:00', 0, NULL, 'Refund', 4, 4),
(5, '2023-03-27', '14:00:00', 4.50, 'Credit Card', 'Pending', 5, 5),
(6, '2023-03-27', '15:00:00', 16, 'Cash', 'Pending', 6, 6),
(7, '2023-03-27', '16:00:00', 99, 'Credit Card', 'Pending', 7, 7),
(8, '2023-03-27', '17:00:00', 10, 'Cash', 'Pending', 8, 8),
(9, '2023-03-27', '18:00:00', 22.50, 'Credit Card', 'Pending', 9, 9),
(10, '2023-03-27', '19:00:00', 199, 'Cash', 'Pending', 10, 10),
(11, '2023-03-27', '19:00:00', 216, 'credit card', 'completed', 1, 11),
(12, '2023-03-27', '22:00:00', 170, 'cash', 'pending', 12, 12),
(13, '2023-03-27', '21:00:00', 144, 'Credit Card', 'Paid', 13, 13),
(14, '2023-03-27', '23:00:00', 9, 'Credit Card', 'Paid', 14, 14);

INSERT INTO reservation (reservation_id, reservation_date, reservation_time, table_size, status, fk_customer_id)
VALUES 
(1, '2023-03-27', '11:30', 2, 'reserved', 1),
(2, '2023-03-27', '11:30', 2, 'reserved', 2),
(3, '2023-03-27', '12:00', 4, 'reserved', 3),
(4, '2023-03-27', '12:00', 4, 'reserved', 4),
(5, '2023-03-27', '12:30', 4, 'reserved', 5),
(6, '2023-03-27', '12:30', 4, 'reserved', 6),
(7, '2023-03-27', '13:00', 4, 'reserved', 7),
(8, '2023-03-27', '13:00', 4, 'reserved', 8),
(9, '2023-03-27', '13:30', 2, 'reserved', 9),
(10, '2023-03-27', '13:30', 2, 'reserved', 10),
(11, '2023-03-27', '14:00', 2, 'available', 11),
(12, '2023-03-27', '14:00', 2, 'available', NULL),
(13, '2023-03-27', '14:30', 4, 'available', NULL),
(14, '2023-03-27', '14:30', 4, 'available', NULL),
(15, '2023-03-27', '15:00', 2, 'available', NULL),
(16, '2023-03-27', '15:00', 2, 'available', NULL),
(17, '2023-03-27', '15:30', 4, 'available', NULL),
(18, '2023-03-27', '15:30', 4, 'available', NULL),
(19, '2023-03-27', '16:00', 4, 'available', NULL),
(20, '2023-03-27', '16:00', 4, 'available', NULL),
(21, '2023-03-27', '16:30', 2, 'available', NULL),
(22, '2023-03-27', '16:30', 2, 'available', NULL),
(23, '2023-03-27', '17:00', 2, 'available', NULL),
(24, '2023-03-27', '17:00', 2, 'reserved', 12),
(25, '2023-03-27', '17:30', 4, 'available', NULL),
(26, '2023-03-27', '17:30', 4, 'available', NULL),
(27, '2023-03-27', '18:00', 4, 'reserved', 13),
(28, '2023-03-27', '18:00', 4, 'available', NULL),
(29, '2023-03-27', '18:30', 2, 'available', NULL),
(30, '2023-03-27', '18:30', 2, 'reserved', 14),
(31, '2023-03-27', '18:30', 2, 'available', NULL),
(32, '2023-03-27', '19:00', 4, 'available', NULL),
(33, '2023-03-27', '19:00', 4, 'available', NULL),
(34, '2023-03-27', '19:30', 2, 'available', NULL),
(35, '2023-03-27', '19:30', 2, 'available', NULL),
(36, '2023-03-27', '20:00', 2, 'available', NULL),
(37, '2023-03-27', '20:00', 2, 'available', NULL),
(38, '2023-03-27', '20:30', 4, 'available', NULL),
(39, '2023-03-27', '20:30', 4, 'available', NULL),
(40, '2023-03-27', '21:00', 4, 'available', NULL),
(41, '2023-03-27', '21:00', 4, 'available', NULL),
(42, '2023-03-27', '21:30', 2, 'available', NULL),
(43, '2023-03-27', '21:30', 2, 'available', NULL),
(44, '2023-03-27', '22:00', 2, 'available', NULL),
(45, '2023-03-27', '22:00', 2, 'available', NULL);

INSERT INTO tables (tables_id, max_cap, status, location, section, customer_id, reservation_id, server_id)
VALUES (1, 1, 'available', 'bar area', 1, NULL, NULL, 1),
       (2, 1, 'available', 'bar area', 2, NULL, NULL, 2),
       (3, 1, 'available', 'bar area', 3, NULL, NULL, 3),
       (4, 1, 'available', 'bar area', 4, NULL, NULL, 4),
       (5, 1, 'available', 'bar area', 4, NULL, NULL, 4),
       (6, 4, 'occupied', 'window', 1, 1, 1, 1),
       (7, 4, 'occupied', 'window', 2, 2, 2, 2),
       (8, 4, 'occupied', 'window', 2, 3, 3, 2),
       (9, 4, 'occupied', 'window', 3, 4, 4, 3),
       (10, 4, 'occupied', 'window', 3, 5, 5, 3),
       (11, 4, 'occupied', 'window', 4, 6, 6, 4),
       (12, 4, 'occupied', 'main dining room', 1, 7, 7, 1),
       (13, 4, 'occupied', 'main dining room', 1, 8, 8, 1),
       (14, 4, 'occupied', 'main dining room', 2, 9, 9, 2),
       (15, 4, 'occupied', 'main dining room', 2, 10, 10, 2),
       (16, 4, 'occupied', 'main dining room', 3, 11, 11, 3),
       (17, 4, 'reserved', 'main dining room', 3, 12, 12, 3),
       (18, 8, 'reserved', 'private room', 1, 13, 13, 1),
       (19, 8, 'reserved', 'private room', 2, 14, 14, 2),
       (20, 8, 'available', 'private room', 4, NULL, NULL, 4);


INSERT INTO supplier (supplier_id, supplier_name, email, phone, contact_first_name, contact_last_name)
VALUES 
(1, 'Savory Spices Inc.', 'info@savoryspices.com', '555-1234', 'Dwight', 'Eisenhower'),
(2, 'Sweet Treats LLC', 'orders@sweettreats.com', '555-5678', 'George', 'Patton'),
(3, 'Baker Brothers Co.', 'sales@bakerbros.com', '555-2468', 'Chester', 'Nimitz'),
(4, 'Crispy Cravings LLC', 'info@crispycravings.com', '555-7890', 'Douglas', 'MacArthur'),
(5, 'Sizzle Meats Inc.', 'sales@sizzlemeats.com', '555-1357', 'Bernard', 'Montgomery'),
(6, 'Zesty Sauces LLC', 'info@zestysauces.com', '555-3698', 'Omar', 'Bradley'),
(7, 'Golden Grains Co.', 'orders@goldengrains.com', '555-2468', 'Erwin', 'Rommel'),
(8, 'Mighty Mustards LLC', 'sales@mightymustards.com', '555-8024', 'Georgy', 'Zhukov');



INSERT INTO inventory (inventory_id, inventory_name, unit_type, inventory_quantity, inventory_status, inventory_unit_cost, date_purchased)
VALUES 
(1, 'lobster', 'lb', 10, 'low stock', 25.99, '2022-06-20'),
(2, 'steak', 'lb', 20, 'healthy stock', 15.99, '2022-07-05'),
(3, 'duck breast', 'lb', 15, 'low stock', 12.99, '2022-08-15'),
(4, 'risotto', 'lb', 30, 'healthy stock', 8.99, '2022-07-10'),
(5, 'edamame', 'lb', 40, 'healthy stock',4.99, '2022-09-01'),
(6, 'goma-ae', 'lb', 20,'healthy stock', 9.99, '2022-08-25'),
(7, 'sashimi', 'lb', 25,'healthy stock', 32.99, '2022-06-30'),
(8, 'lamb chops', 'lb', 10, 'low stock', 22.99, '2022-07-15'),
(9, 'carpaccio', 'lb', 15, 'low stock', 18.99, '2022-08-20'),
(10, 'calamari', 'lb', 25, 'healthy stock', 11.99, '2022-09-05'),
(11, 'scallops', 'lb', 20, 'healthy stock', 29.99, '2022-06-25'),
(12, 'sorbet', 'cup', 50, 'healthy stock', 2.99, '2022-09-10'),
(13, 'ice cream', 'cup', 60, 'healthy stock', 2.49, '2022-06-28'),
(14, 'cheesecake', 'slice', 30, 'healthy stock', 4.99, '2022-08-05'),
(15, 'tuile', 'piece', 80, 'healthy stock', 0.99, '2022-07-20'),
(16, 'mousse', 'lb', 10, 'low stock', 14.99, '2022-09-15'),
(17, 'green tea', 'lb', 5, 'NEED STOCK', 22.99, '2022-08-10'),
(18, 'otoro', 'lb', 15, 'low stock', 50.99, '2022-07-08'),
(19, 'chutoro', 'lb', 20, 'healthy stock', 40.99, '2022-06-12'),
(20, 'botan ebi', 'lb', 10, 'low stock', 38.99, '2022-09-12'),
(21, 'king salmon', 'lb', 20, 'healthy stock', 26.99, '2022-07-18'),
(22, 'hotate', 'lb', 15, 'low stock', 32.99, '2022-08-08'),
(23, 'saba', 'lb', 10, 'low stock', 16.99, '2022-06-22'),
(24, 'hamachi', 'lb', 20, 'healthy stock', 24.99, '2022-09-08'),
(25, 'maguro', 'lb', 15, 'low stock', 22.99, '2022-08-18'),
(26, 'sake', 'lb', 10, 'low stock', 17.99, '2022-07-25'),
(27, 'bincho', 'lb', 10, 'low stock', 19.99, '2022-06-18'),
(28, 'sweet red pepper', 'lb', 15, 'low stock', 6.99, '2022-09-17'),
(29, 'shiitake mushroom', 'lb', 10, 'low stock', 8.99, '2022-06-10'),
(30, 'eggplant', 'lb', 10, 'low stock', 4.99, '2022-08-12'),
(31, 'avocado', 'lb', 20, 'healthy stock', 12.99, '2022-07-30'),
(32, 'uni', 'piece', 40, 'healthy stock', 2.99, '2022-09-20'),
(33, 'wagyu', 'lb', 5, 'NEED STOCK', 99.99, '2022-08-02'),
(34, 'unagi', 'lb', 10, 'low stock', 27.99, '2022-07-12'),
(35, 'ebi', 'lb', 15, 'low stock', 19.99, '2022-06-16'),
(36, 'ikura', 'lb', 5, 'NEED STOCK', 50.99, '2022-09-22'),
(37, 'oshi sampler', 'sampler', 10, 'low stock', 22.99, '2022-09-13'),
(38, 'aburi wagyu', 'lb', 5, 'NEED STOCK', 129.99, '2022-07-30'),
(39, 'sous-vide pork tenderloin', 'lb', 15, 'low stock', 16.99, '2022-08-17'),
(40, 'chicken', 'lb', 20, 'healthy stock', 12.99, '2022-06-28'),
(41, 'kyoto saikyo miso sablefish', 'lb', 10, 'low stock', 38.99, '2022-09-08'),
(42, 'oysters', 'piece', 100, 'healthy stock', 1.99, '2022-06-30'),
(43, 'aburi saba', 'lb', 10, 'low stock', 21.99, '2023-03-15'),
(44, 'sous-vide pork tenderloin', 'lb', 15, 'low stock', 11.99, '2023-03-15'),
(45, 'aburi chirashi tart', 'piece', 15, 'low stock', 25.99, '2023-03-15'),
(46, 'soba', 'lb', 15, 'low stock', 14.99, '2023-03-15'),
(47, 'oysters', 'piece', 50, 'healthy stock', 1.99, '2023-03-15'),
(48, 'miso paste', 'bowl', 40, 'healthy stock', 2.49, '2023-03-15'),
(49, 'brussels sprout', 'lb', 15, 'low stock', 7.99, '2023-03-15'),
(50, 'tofu', 'bowl', 20, 'healthy stock', 8.99, '2023-03-15'),
(51, 'shrio', 'piece', 25, 'healthy stock', 2.99, '2023-03-15'),
(52, 'soft-shell crab', 'piece', 10, 'low stock', 7.99, '2023-03-15'),
(53, 'Nori', 'sheets', 100, 'healthy stock', 2.50, '2023-03-15'),
(54, 'Kirin', 'Bottle', 30, 'healthy stock', 3.5, '2023-03-28'),
    (55, '33 Acres of Sunshine', 'Bottle', 25, 'healthy stock', 4.5, '2023-03-28'),
    (56, 'Tsingtao', 'Bottle', 20, 'healthy stock',3.5, '2023-03-28'),
    (57, 'Asahi', 'Tap', 28, 'healthy stock',3.75, '2023-03-28'),
    (58, 'Sapporo', 'Tap', 22, 'healthy stock',4, '2023-03-28'),
    (59, 'Guinness', 'Tap', 18, 'low stock', 5, '2023-03-28'),
    (60, 'Twin Sails Dat Juice', 'Tap', 21,'healthy stock', 5.5, '2023-03-28'),
    (61, 'Twin Sails Would Crush', 'Tap', 20, 'healthy stock',5.5, '2023-03-28'),
    (62, 'Strange Fellows Talisman', 'Tap', 25,'healthy stock', 5.5, '2023-03-28'),
    (63, 'Superflux Colour & Shape IPA', 'Tap', 26,'healthy stock', 5.5, '2023-03-28'),
    (64, 'Fuggles & Warlock Kiwami Plum Sour', 'Tap', 22,'healthy stock', 5.5, '2023-03-28'),
    (65, 'Bergamot Sour', 'Cocktail', 35,'healthy stock',12.5, '2023-03-28'),
    (66, 'Sake-Ti-Ni', 'Cocktail', 40,'healthy stock', 13.5, '2023-03-28'),
    (67, 'Shiso Mojito', 'Cocktail', 38, 'healthy stock',12.5, '2023-03-28'),
    (68, 'Miyazaki Storm', 'Cocktail', 36, 'healthy stock',13.5, '2023-03-28'),
    (69, 'Niwatoko Spritz', 'Cocktail', 30,'healthy stock', 14.5, '2023-03-28'),
    (70, 'Seaspan Margarita', 'Cocktail', 32,'healthy stock', 18.5, '2023-03-28');

INSERT INTO supplier_selection (fk_inventory_id, fk_supplier_id)
VALUES
(1, 3), (2, 5), (3, 8), (4, 2), (5, 6), (6, 1), (7, 4), (8, 7), (9, 2), (10, 8),
(11, 1), (12, 6), (13, 2), (14, 3), (15, 7), (16, 5), (17, 8), (18, 4), (19, 1), (20, 3),
(21, 5), (22, 6), (23, 8), (24, 7), (25, 1), (26, 2), (27, 4), (28, 3), (29, 5), (30, 6),
(31, 8), (32, 7), (33, 1), (34, 2), (35, 4), (36, 3), (37, 5), (38, 6), (39, 8), (40, 7),
(41, 2), (42, 1), (43, 4), (44, 6), (45, 8), (46, 3), (47, 5), (48, 7), (49, 1), (50, 2),
(51, 4), (52, 6), (53, 8), (54, 3), (55, 5), (56, 1), (57, 7), (58, 2), (59,4),
(60,2), (61,4), (62,3), (63,6), (64,7), (65,4), (66,2), (67,3), (68,4), (69,5), (70,8);

INSERT INTO supplier_payment (supplier_payment_id, payment_date, payment_time, amount, payment_method, payment_status, supplier_id, inventory_id)
VALUES 
    (1, '2023-03-28', '15:30:00', 259.90, 'Credit Card', 'Paid', 1, 1),
    (2, '2023-03-28', '15:31:00', 319.80, 'Cash', 'Paid', 2, 2),
    (3, '2023-03-28', '15:32:00', 194.85, 'Check', 'Pending', 3, 3),
    (4, '2023-03-28', '15:33:00', 269.70, 'Bank Transfer', 'Paid', 4, 4),
    (5, '2023-03-28', '15:34:00', 199.60, 'Credit Card', 'Paid', 5, 5),
    (6, '2023-03-28', '15:35:00', 199.80, 'Cash', 'Paid', 6, 6),
    (7, '2023-03-28', '15:36:00', 824.75, 'Check', 'Pending', 7, 7),
    (8, '2023-03-28', '15:37:00', 229.90, 'Bank Transfer', 'Paid', 8, 8),
    (9, '2023-03-28', '15:38:00', 284.85, 'Credit Card', 'Paid', 1, 9),
    (10, '2023-03-28', '15:39:00', 299.75, 'Cash', 'Paid', 2, 10),
    (11, '2023-03-28', '15:40:00', 599.80, 'Check', 'Pending', 3, 11),
    (12, '2023-03-28', '15:41:00', 149.50, 'Bank Transfer', 'Paid', 4, 12),
    (13, '2023-03-28', '15:42:00', 149.40, 'Credit Card', 'Paid', 5, 13),
    (14, '2023-03-28', '15:43:00', 149.70, 'Cash', 'Paid', 6, 14),
    (15, '2023-03-28', '15:44:00', 79.20, 'Check', 'Pending', 7, 15),
    (16, '2023-03-28', '15:45:00', 149.90, 'Bank Transfer', 'Paid', 8, 16),
    (17, '2023-03-28', '15:46:00', 114.95, 'Credit Card', 'Paid', 1, 17),
    (18, '2023-03-28', '15:47:00', 764.85, 'Cash', 'Paid', 2, 18),
    (19, '2023-03-28', '15:48:00', 819.80, 'Check', 'Pending', 3, 19),
    (20, '2023-03-28', '15:49:00', 389.90, 'Bank Transfer', 'Paid', 4, 20),
    (21, '2023-03-28', '15:50:00', 539.80, 'Credit Card', 'Paid', 5, 21),
    (22, '2023-03-28', '15:51:00', 494.85, 'Cash', 'Paid', 6, 22),
    (23, '2023-03-28', '15:52:00', 169.90, 'Check', 'Pending', 7, 23),
    (24, '2023-03-28', '15:53:00', 499.80, 'Bank Transfer', 'Paid', 8, 24),
    (25, '2023-03-28', '15:54:00', 344.85, 'Credit Card', 'Paid', 1, 25),
    (26, '2023-03-28', '15:55:00', 179.90, 'Cash', 'Paid', 2, 26),
    (27, '2023-03-28', '15:56:00', 199.90, 'Check', 'Pending', 3, 27),
    (28, '2023-03-28', '15:57:00', 104.85, 'Bank Transfer', 'Paid', 4, 28),
    (29, '2023-03-28', '15:58:00', 89.90, 'Credit Card', 'Paid', 5, 29),
    (30, '2023-03-28', '15:59:00', 49.90, 'Cash', 'Paid', 6, 30),
    (31, '2023-03-28', '16:00:00', 259.80, 'Check', 'Pending', 7, 31),
    (32, '2023-03-28', '16:01:00', 119.60, 'Bank Transfer', 'Paid', 8, 32),
    (33, '2023-03-28', '16:02:00', 499.95, 'Credit Card', 'Paid', 1, 33),
    (34, '2023-03-28', '16:03:00', 279.90, 'Cash', 'Paid', 2, 34),
    (35, '2023-03-28', '16:04:00', 299.85, 'Check', 'Pending', 3, 35),
    (36, '2023-03-28', '16:05:00', 254.95, 'Bank Transfer', 'Paid', 4, 36),
    (37, '2023-03-28', '16:06:00', 229.90, 'Credit Card', 'Paid', 5, 37),
    (38, '2023-03-28', '16:07:00', 649.95, 'Cash', 'Paid', 6, 38),
(39, '2023-03-28', '16:08:00', 254.85, 'Check', 'Pending', 7, 39),
(40, '2023-03-28', '16:09:00', 259.80, 'Bank Transfer', 'Paid', 8, 40),
(41, '2023-03-28', '16:10:00', 389.90, 'Credit Card', 'Paid', 1, 41),
(42, '2023-03-28', '16:11:00', 199.00, 'Cash', 'Paid', 2, 42),
(43, '2023-03-28', '16:12:00', 219.90, 'Check', 'Pending', 3, 43),
(44, '2023-03-28', '16:13:00', 179.85, 'Bank Transfer', 'Paid', 4, 44),
(45, '2023-03-28', '16:14:00', 389.85, 'Credit Card', 'Paid', 5, 45),
(46, '2023-03-28', '16:15:00', 224.85, 'Cash', 'Paid', 6, 46),
(47, '2023-03-28', '16:16:00', 99.50, 'Check', 'Pending', 7, 47),
(48, '2023-03-28', '16:17:00', 99.60, 'Bank Transfer', 'Paid', 8, 48),
(49, '2023-03-28', '16:18:00', 119.85, 'Credit Card', 'Paid', 1, 49),
(50, '2023-03-28', '16:19:00', 179.80, 'Cash', 'Paid', 2, 50),
(51, '2023-03-28', '16:20:00', 74.75, 'Check', 'Pending', 3, 51),
(52, '2023-03-28', '16:21:00', 79.90, 'Bank Transfer', 'Paid', 4, 52),
(53, '2023-03-28', '16:22:00', 250.00, 'Credit Card', 'Paid', 5, 53),
(54, '2023-03-28', '16:23:00', 105.00, 'Cash', 'Paid', 6, 54),
(55, '2023-03-28', '16:24:00', 112.50, 'Check', 'Pending', 7, 55),
(56, '2023-03-28', '16:25:00', 70.00, 'Bank Transfer', 'Paid', 8, 56),
(57, '2023-03-28', '16:26:00', 105.00, 'Credit Card', 'Paid', 1, 57),
(58, '2023-03-28', '16:27:00', 88.00, 'Cash', 'Paid', 2, 58),
(59, '2023-03-28', '16:28:00', 90.00, 'Check', 'Pending', 3, 59),
(60, '2023-03-28', '16:29:00', 115.50, 'Bank Transfer', 'Paid', 4, 60),
(61, '2023-03-28', '16:30:00', 110.00, 'Credit Card', 'Paid', 5, 61),
(62, '2023-03-28', '16:31:00', 137.50, 'Cash', 'Paid', 6, 62),
(63, '2023-03-28', '16:32:00', 143.00, 'Check', 'Pending', 7, 63),
(64, '2023-03-28', '16:33:00', 121.00, 'Bank Transfer', 'Paid', 8, 64),
(65, '2023-03-28', '16:34:00', 437.50, 'Credit Card', 'Paid', 1, 65),
(66, '2023-03-28', '16:35:00', 540.00, 'Cash', 'Paid', 2, 66),
(67, '2023-03-28', '16:36:00', 475.00, 'Check', 'Pending', 3, 67),
(68, '2023-03-28', '16:37:00', 486.00, 'Bank Transfer', 'Paid', 4, 68),
(69, '2023-03-28', '16:38:00', 435.00, 'Credit Card', 'Paid', 5, 69),
(70, '2023-03-28', '16:39:00', 0, 'Waived Fee', 'Paid', 6, 70);

INSERT INTO supplier_difficulty (supplier_difficulty_id, inventory_id, supplier_id, reason)
VALUES(1,70,6,'Wrong ingredients delivered');

INSERT INTO menu_ingredient (fk_menu_item_id, fk_inventory_id, used_ingredient_quantity)
VALUES 
(1, 45, 0.6),
(1, 23, 0.25),
(1, 16, 0.7),
(2, 53, 0.35),
(2, 1, 0.1),
(2, 31, 0.5),
(2, 68, 0.4),
(2, 17, 0.6),
(3, 12, 0.2),
(3, 65, 0.4),
(4, 10, 0.4),
(4, 33, 0.65),
(4, 55, 0.3),
(5, 5, 0.2),
(5, 61, 0.45),
(6, 19, 0.6),
(6, 37, 0.3),
(6, 64, 0.25),
(7, 44, 0.2),
(7, 54, 0.6),
(8, 27, 0.4),
(8, 7, 0.55),
(8, 47, 0.7),
(8, 63, 0.35),
(9, 3, 0.5),
(9, 29, 0.2),
(10, 41, 0.25),
(10, 2, 0.6),
(11, 38, 0.3),
(11, 21, 0.4),
(11, 56, 0.7),
(12, 59, 0.1),
(12, 50, 0.5),
(12, 22, 0.35),
(12, 62, 0.4),
(13, 4, 0.2),
(13, 67, 0.6),
(13, 48, 0.3),
(14, 14, 0.25),
(14, 28, 0.45),
(14, 9, 0.5),
(15, 36, 0.35),
(15, 70, 0.7),
(15, 20, 0.2),
(15, 13, 0.6),
(16, 51, 0.25),
(16, 24, 0.3),
(17, 18, 0.6),
(17, 58, 0.2),
(17, 11, 0.4),
(17, 66, 0.3),
(18, 15, 0.5),
(18, 30, 0.35),
(18, 49, 0.2),
(18, 6, 0.7),
(19, 52, 0.6),
(19, 26, 0.3),
(19, 39, 0.25),
(19, 42, 0.4),
(19, 43, 0.5),
(20, 8, 0.2),
(20, 57, 0.4),
(20, 34, 0.7),
(21, 40, 0.35),
(21, 25, 0.6),
(21, 42, 0.25),
(21, 18, 0.35),
(21, 66, 0.65),
(22, 54, 0.6),
(22, 22, 0.3),
(23, 13, 0.5),
(24, 6, 0.55),
(25, 63, 0.35),
(26, 45, 0.25),
(26, 17, 0.4),
(26, 54, 0.2),
(27, 7, 0.35),
(27, 15, 0.15),
(28, 43, 0.5),
(29, 11, 0.25),
(29, 40, 0.45),
(30, 34, 0.5),
(30, 2, 0.3),
(31, 57, 0.4),
(32, 26, 0.55),
(32, 63, 0.35),
(32, 10, 0.2),
(33, 50, 0.6),
(33, 58, 0.2),
(33, 22, 0.1),
(34, 8, 0.45),
(35, 56, 0.6),
(36, 24, 0.5),
(37, 5, 0.4),
(38, 12, 0.55),
(38, 38, 0.15),
(39, 70, 0.4),
(39, 42, 0.3),
(40, 55, 0.4),
(41, 10, 0.55),
(42, 20, 0.6),
(42, 27, 0.25),
(42, 60, 0.35),
(43, 21, 0.25),
(44, 69, 0.55),
(44, 46, 0.35),
(45, 56, 0.5),
(45, 9, 0.2),
(45, 26, 0.3),
(46, 1, 0.25),
(47, 68, 0.45),
(47, 36, 0.15),
(48, 7, 0.55),
(49, 4, 0.4),
(50, 44, 0.5),
(50, 12, 0.25),
(51, 49, 0.4),
(51, 13, 0.3),
(52, 61, 0.55),
(53, 31, 0.5),
(54, 39, 0.35),
(55, 35, 0.25),
(56, 62, 0.6),
(56, 25, 0.35),
(57, 57, 0.2),
(58, 6, 0.55),
(59, 19, 0.3),
(59, 54, 0.5),
(59, 15, 0.3),
(60, 36, 0.45),
(60, 44, 0.25),
(60, 64, 0.15),
(61, 69, 0.4),
(61, 50, 0.35),
(62, 8, 0.55),
(62, 57, 0.25),
(63, 46, 0.6),
(63, 13, 0.35),
(64, 37, 0.2),
(65, 21, 0.55),
(65, 28, 0.3),
(65, 60, 0.1),
(66, 40, 0.45),
(66, 19, 0.25),
(67, 26, 0.55),
(67, 65, 0.2),
(67, 31, 0.1),
(68, 11, 0.45),
(68, 54, 0.35),
(69, 67, 0.25),
(69, 34, 0.3),
(69, 53, 0.1),
(70, 14, 0.4),
(70, 25, 0.2),
(70, 55, 0.3),
(71, 69, 0.25),
(71, 18, 0.3),
(72, 9, 0.45),
(72, 47, 0.2),
(73, 59, 0.5),
(73, 32, 0.25),
(74, 41, 0.4),
(75, 64, 0.55),
(75, 19, 0.35),
(76, 57, 0.25),
(76, 68, 0.3),
(77, 42, 0.45),
(78, 7, 0.5),
(78, 15, 0.2),
(79, 63, 0.4),
(80, 17, 0.5),
(80, 54, 0.25),
(80, 36, 0.15),
(81, 43, 0.4),
(81, 26, 0.3),
(82, 13, 0.55),
(83, 70, 0.5),
(84, 21, 0.35),
(85, 1, 0.25),
(85, 68, 0.3),
(86, 56, 0.45),
(87, 12, 0.55),
(87, 38, 0.2),
(87, 59, 0.1),
(88, 10, 0.4),
(89, 20, 0.25),
(90, 27, 0.55),
(90, 60, 0.2),
(91, 21, 0.5),
(92, 69, 0.35),
(92, 46, 0.25),
(93, 56, 0.4),
(93, 9, 0.3),
(94, 37, 0.25),
(94, 41, 0.3),
(94, 68, 0.2),
(95, 26, 0.55),
(95, 57, 0.25),
(96, 14, 0.5),
(97, 8, 0.35),
(97, 19, 0.25),
(97, 42, 0.1),
(98, 31, 0.5),
(98, 53, 0.3),
(99, 54, 0.4),
(99, 13, 0.3),
(100, 60, 0.45),
(100, 34, 0.2),
(101, 9, 0.55),
(102, 57, 0.35),
(102, 46, 0.25),
(102, 31, 0.1);

INSERT INTO employee_availability (employee_id, availability, sick, vacation, vacation_date_return)
VALUES
(1, 'assigned', NULL, NULL, NULL),
(2, 'unavailable', 'sick', NULL, NULL),
(3, 'assigned', NULL, NULL, NULL),
(4, 'available', NULL, NULL, NULL),
(5, 'assigned', NULL, NULL, NULL),
(6, 'available', NULL, NULL, NULL),
(7, 'assigned', NULL, NULL, NULL),
(8, 'available', NULL, NULL, NULL),
(9, 'assigned', NULL, NULL, NULL),
(10, 'unavailable', 'sick', NULL, NULL),
(11, 'available', NULL, NULL, NULL),
(12, 'available', NULL, NULL, NULL),
(13, 'assigned', NULL, NULL, NULL),
(14, 'available', NULL, NULL, NULL),
(15, 'assigned', NULL, NULL, NULL),
(16, 'available', NULL, NULL, NULL),
(17, 'unavailable', NULL, 'vacation', '2023-04-15'),
(18, 'available', NULL, NULL, NULL),
(19, 'assigned', NULL, NULL, NULL),
(20, 'available', NULL, NULL, NULL),
(21, 'assigned', NULL, NULL, NULL),
(22, 'available', NULL, NULL, NULL),
(23, 'assigned', NULL, NULL, NULL),
(24, 'available', NULL, NULL, NULL),
(25, 'assigned', NULL, NULL, NULL),
(26, 'available', NULL, NULL, NULL),
(27, 'available', NULL, NULL, NULL),
(28, 'available', NULL, NULL, NULL),
(29, 'available', NULL, NULL, NULL),
(30, 'available', NULL, NULL, NULL),
(31, 'available', NULL, NULL, NULL),
(32, 'available', NULL, NULL, NULL),
(33, 'available', NULL, NULL, NULL),
(34, 'available', NULL, NULL, NULL),
(35, 'unavailable', 'sick', NULL, NULL),
(36, 'available', NULL, NULL, NULL),
(37, 'available', NULL, NULL, NULL),
(38, 'unavailable', 'sick', NULL, NULL),
(39, 'available', NULL, NULL, NULL),
(40, 'available', NULL, NULL, NULL),
(41, 'available', NULL, NULL, NULL),
(42, 'unavailable', NULL, 'vacation', '2023-05-15'),
(43, 'available', NULL, NULL, NULL),
(44, 'available', NULL, NULL, NULL),
(45, 'available', NULL, NULL, NULL);

INSERT INTO schedule (schedule_id, date, start_time, end_time, fk_manager_ID)
VALUES 
  (1, '2023-03-27', '09:00', '15:00', 5),
  (2, '2023-03-27', '17:00', '23:00', 5),
  (3, '2023-03-28', '09:00', '15:00', 5),
  (4, '2023-03-28', '17:00', '23:00', 5),
  (5, '2023-03-29', '09:00', '15:00', 5),
  (6, '2023-03-29', '17:00', '23:00', 5),
  (7, '2023-03-30', '09:00', '15:00', 5),
  (8, '2023-03-30', '17:00', '23:00', 5),
  (9, '2023-03-31', '09:00', '15:00', 5),
  (10, '2023-03-31', '17:00', '23:00', 5),
  (11, '2023-04-01', '09:00', '15:00', 5),
  (12, '2023-04-01', '17:00', '23:00', 5),
  (13, '2023-04-02', '09:00', '15:00', 5),
  (14, '2023-04-02', '17:00', '23:00', 5),
  (15, '2023-04-03', '09:00', '15:00', 5),
  (16, '2023-04-03', '17:00', '23:00', 5);
  
  INSERT INTO employee_schedule (fk_employee_id, fk_schedule_id, schedule_status)
VALUES 
  (1, 1,'Filled'), 
  (3, 2,'Filled'), 
  (5, 3,'Filled'), 
  (7, 4,'Filled'), 
  (9, 5,'Filled'), 
  (NULL, 6,'Empty'), 
  (13, 7,'Filled'), 
  (15, 8,'Filled'), 
  (NULL, 9,'Empty'), 
  (19, 10,'Filled'), 
  (21, 11,'Filled'), 
  (23, 12,'Filled'), 
  (25, 13,'Filled'), 
  (NULL, 14,'Empty'), 
  (NULL, 15,'Empty'), 
  (NULL, 16,'Empty');

